{"cameraMode":{"drawMode":0,"name":"Shaded","section":"Shading Mode"},"sceneLighting":true,"audioPlay":false,"sceneViewState":{"showFog":true,"showMaterialUpdate":false,"showSkybox":true,"showFlares":true,"showImageEffects":true,"showParticleSystems":true},"in2DMode":false,"pivot":{"x":0.7987533807754517,"y":0.45635026693344118,"z":-0.028335614129900934},"rotation":{"x":0.04733017086982727,"y":0.952176570892334,"z":-0.22878818213939668,"w":0.1969691514968872},"size":5.898289680480957,"orthographic":false}